{
    "feature_importances": {
        "value_2": 0.2819784661425703,
        "minutes_2": 0.1309380337395985,
        "kickoff_time_2": 0.06287857191680417,
        "kickoff_time_0": 0.05986541237583617,
        "kickoff_time_1": 0.056838131954694476,
        "value_1": 0.056724328287082806,
        "position_0": 0.050522380950920744,
        "position_1": 0.04935429924593962,
        "position_2": 0.046220342657861534,
        "value_0": 0.042852405329811764,
        "bps_2": 0.02269847006862176,
        "bps_0": 0.02120860845315255,
        "bps_1": 0.02009807426692328,
        "ict_index_1": 0.019374658750599415,
        "ict_index_0": 0.01779163863067796,
        "ict_index_2": 0.016547786809109195,
        "minutes_0": 0.012060036648459527,
        "minutes_1": 0.0098279656589603,
        "points_1": 0.00811808474486394,
        "points_0": 0.007334802730489258,
        "points_2": 0.00676750063702264
    },
    "r2_train": 0.6715823206614524,
    "r2_test": 0.49746409936886815,
    "run_date": "2024-01-17 20:43:44"
}