{
    "feature_importances": {
        "value_2": 0.23894426068835764,
        "minutes_2": 0.14746245451634166,
        "value_1": 0.07867709316305944,
        "value_0": 0.07702953704116819,
        "kickoff_time_2": 0.0574913107198299,
        "kickoff_time_0": 0.05612665200442,
        "kickoff_time_1": 0.05335791310930226,
        "position_1": 0.039654680579265064,
        "position_0": 0.036446361425410266,
        "position_2": 0.03575273326504635,
        "bps_1": 0.02258196225338104,
        "bps_0": 0.022063999765789856,
        "minutes_1": 0.020792054322045447,
        "ict_index_0": 0.020106066695724588,
        "bps_2": 0.02002152797086628,
        "ict_index_2": 0.01844517137386063,
        "ict_index_1": 0.01769920602464071,
        "minutes_0": 0.01349247277317382,
        "points_1": 0.008856332777633284,
        "points_0": 0.008154935903623688,
        "points_2": 0.006843273627059988
    },
    "r2_train": 0.6012820906054263,
    "r2_test": 0.4574204110750377,
    "run_date": "2024-01-18 22:00:58"
}